date,city,category,product_id,sales,quantity,price,cost,month,month_name
2023-01-01,Москва,Одежда,1353,5638,7,3469,24283,1,January
2023-01-02,Москва,Продукты,1875,28833,6,4976,29856,1,January
2023-01-03,СПб,Электроника,1567,22753,3,2007,6021,1,January
2023-01-04,Екатеринбург,Одежда,1636,6708,3,2275,6825,1,January
2023-01-05,СПб,Электроника,1754,18039,2,2263,4526,1,January
2023-01-06,Екатеринбург,Одежда,1435,6530,5,4553,22765,1,January
2023-01-07,Москва,Одежда,1908,27296,6,4373,26238,1,January
2023-01-08,Москва,Электроника,1573,21979,4,1820,7280,1,January
2023-01-09,СПб,Продукты,1849,9975,6,4822,28932,1,January
2023-01-10,СПб,Электроника,1673,25938,5,2222,11110,1,January
2023-01-11,Екатеринбург,Электроника,1606,3095,7,4570,31990,1,January
2023-01-12,СПб,Электроника,1656,8571,3,4542,13626,1,January
2023-01-13,Екатеринбург,Продукты,1758,29262,7,3672,25704,1,January
2023-01-14,Москва,Одежда,1539,19415,7,1365,9555,1,January
2023-01-15,Москва,Одежда,1418,2764,6,3957,23742,1,January
2023-01-16,Москва,Одежда,1277,11873,1,1786,1786,1,January
2023-01-17,Москва,Продукты,1715,6485,1,4601,4601,1,January
2023-01-18,Екатеринбург,Одежда,1544,7597,4,1786,7144,1,January
2023-01-19,Москва,Продукты,1043,27278,1,1996,1996,1,January
2023-01-20,СПб,Продукты,1280,25413,8,1058,8464,1,January
2023-01-21,Москва,Электроника,1571,3505,9,3898,35082,1,January
2023-01-22,Екатеринбург,Одежда,1605,18256,3,3306,9918,1,January
2023-01-23,СПб,Продукты,1719,22838,6,2084,12504,1,January
2023-01-24,Екатеринбург,Одежда,1091,15161,6,3670,22020,1,January
2023-01-25,Екатеринбург,Одежда,1336,26729,8,2222,17776,1,January
2023-01-26,СПб,Электроника,1399,16092,6,1742,10452,1,January
2023-01-27,СПб,Электроника,1760,8557,4,4541,18164,1,January
2023-01-28,Екатеринбург,Одежда,1171,15273,7,898,6286,1,January
2023-01-29,Екатеринбург,Электроника,1672,6710,2,2370,4740,1,January
2023-01-30,СПб,Электроника,1170,8404,6,1106,6636,1,January
2023-01-31,СПб,Продукты,1641,13464,2,4810,9620,1,January
2023-02-01,Москва,Одежда,1457,22522,2,2584,5168,2,February
2023-02-02,Москва,Продукты,1536,27423,3,4514,13542,2,February
2023-02-03,Москва,Электроника,1911,8315,9,3639,32751,2,February
2023-02-04,СПб,Продукты,1806,1218,6,2229,13374,2,February
2023-02-05,СПб,Электроника,1575,25767,8,862,6896,2,February
2023-02-06,СПб,Продукты,1733,27313,5,1329,6645,2,February
2023-02-07,Москва,Одежда,1032,6409,4,3367,13468,2,February
2023-02-08,СПб,Электроника,1045,19907,7,3837,26859,2,February
2023-02-09,СПб,Продукты,1001,28174,9,744,6696,2,February
2023-02-10,Екатеринбург,Одежда,1504,9115,5,970,4850,2,February
2023-02-11,Москва,Одежда,1158,27771,1,4815,4815,2,February
2023-02-12,Москва,Продукты,1255,28280,1,3800,3800,2,February
2023-02-13,Екатеринбург,Одежда,1989,28620,4,2187,8748,2,February
2023-02-14,Екатеринбург,Продукты,1628,27595,3,1463,4389,2,February
2023-02-15,СПб,Продукты,1171,9050,6,1336,8016,2,February
2023-02-16,Екатеринбург,Продукты,1404,24100,1,2817,2817,2,February
2023-02-17,Москва,Продукты,1064,12052,8,4904,39232,2,February
2023-02-18,Москва,Одежда,1475,5600,6,2637,15822,2,February
2023-02-19,Екатеринбург,Электроника,1575,8541,8,648,5184,2,February
2023-02-20,СПб,Одежда,1216,26697,5,3388,16940,2,February
2023-02-21,Москва,Продукты,1440,7751,6,3739,22434,2,February
2023-02-22,Москва,Одежда,1323,16674,2,4193,8386,2,February
2023-02-23,Москва,Продукты,1707,13846,1,3810,3810,2,February
2023-02-24,Екатеринбург,Продукты,1083,24949,8,4297,34376,2,February
2023-02-25,Екатеринбург,Продукты,1494,7899,1,3924,3924,2,February
2023-02-26,Екатеринбург,Продукты,1899,4312,5,2163,10815,2,February
2023-02-27,Москва,Продукты,1747,14921,5,4441,22205,2,February
2023-02-28,Москва,Продукты,1330,4568,3,3103,9309,2,February
2023-03-01,СПб,Электроника,1171,27462,6,737,4422,3,March
2023-03-02,Москва,Продукты,1763,12400,3,4466,13398,3,March
2023-03-03,Москва,Продукты,1336,24395,8,942,7536,3,March
2023-03-04,Москва,Одежда,1165,13730,6,2102,12612,3,March
2023-03-05,Екатеринбург,Одежда,1171,27144,6,1057,6342,3,March
2023-03-06,Екатеринбург,Одежда,1627,14269,7,2715,19005,3,March
2023-03-07,СПб,Электроника,1926,12629,3,1242,3726,3,March
2023-03-08,Екатеринбург,Продукты,1711,8205,6,3397,20382,3,March
2023-03-09,Москва,Электроника,1332,28151,5,2850,14250,3,March
2023-03-10,Москва,Продукты,1815,17984,6,3486,20916,3,March
2023-03-11,СПб,Электроника,1585,27093,8,3566,28528,3,March
2023-03-12,СПб,Одежда,1177,18463,6,4452,26712,3,March
2023-03-13,Екатеринбург,Электроника,1841,27213,7,3610,25270,3,March
2023-03-14,СПб,Электроника,1547,9990,2,4435,8870,3,March
2023-03-15,СПб,Одежда,1889,13789,5,1283,6415,3,March
2023-03-16,Москва,Одежда,1238,9978,2,4309,8618,3,March
2023-03-17,Екатеринбург,Одежда,1551,19315,1,2953,2953,3,March
2023-03-18,Москва,Одежда,1692,24483,8,3424,27392,3,March
2023-03-19,Москва,Продукты,1366,29610,9,1876,16884,3,March
2023-03-20,СПб,Продукты,1629,26628,3,3289,9867,3,March
2023-03-21,СПб,Одежда,1292,14951,8,1871,14968,3,March
2023-03-22,СПб,Электроника,1266,4835,9,1252,11268,3,March
2023-03-23,Москва,Одежда,1014,3212,6,2772,16632,3,March
2023-03-24,Москва,Продукты,1309,22062,2,1310,2620,3,March
2023-03-25,Екатеринбург,Одежда,1577,3436,1,3261,3261,3,March
2023-03-26,Екатеринбург,Электроника,1726,2461,8,3486,27888,3,March
2023-03-27,СПб,Продукты,1048,3552,3,2992,8976,3,March
2023-03-28,Москва,Одежда,1643,4690,1,1667,1667,3,March
2023-03-29,Екатеринбург,Электроника,1757,17631,8,1041,8328,3,March
2023-03-30,СПб,Электроника,1859,4989,5,4712,23560,3,March
2023-03-31,Екатеринбург,Продукты,1269,6919,7,4496,31472,3,March
2023-04-01,Екатеринбург,Электроника,1785,1282,8,3572,28576,4,April
2023-04-02,Москва,Электроника,1781,25482,6,3341,20046,4,April
2023-04-03,Москва,Одежда,1482,21061,5,1366,6830,4,April
2023-04-04,Екатеринбург,Продукты,1267,13072,7,2035,14245,4,April
2023-04-05,СПб,Электроника,1105,13395,6,591,3546,4,April
2023-04-06,СПб,Одежда,1234,22778,7,2690,18830,4,April
2023-04-07,СПб,Электроника,1286,21860,4,2960,11840,4,April
2023-04-08,СПб,Электроника,1757,17272,2,1416,2832,4,April
2023-04-09,Екатеринбург,Продукты,1108,10387,1,2110,2110,4,April
2023-04-10,Екатеринбург,Одежда,1975,1725,1,1179,1179,4,April
