date,city,category,product_id,sales,quantity,price
2023-01-02,Москва,Продукты,1875,28833,6,4976
2023-01-03,СПб,Электроника,1567,22753,3,2007
2023-01-05,СПб,Электроника,1754,18039,2,2263
2023-01-07,Москва,Одежда,1908,27296,6,4373
2023-01-08,Москва,Электроника,1573,21979,4,1820
2023-01-10,СПб,Электроника,1673,25938,5,2222
2023-01-13,Екатеринбург,Продукты,1758,29262,7,3672
2023-01-14,Москва,Одежда,1539,19415,7,1365
2023-01-16,Москва,Одежда,1277,11873,1,1786
2023-01-19,Москва,Продукты,1043,27278,1,1996
2023-01-20,СПб,Продукты,1280,25413,8,1058
2023-01-22,Екатеринбург,Одежда,1605,18256,3,3306
2023-01-23,СПб,Продукты,1719,22838,6,2084
2023-01-24,Екатеринбург,Одежда,1091,15161,6,3670
2023-01-25,Екатеринбург,Одежда,1336,26729,8,2222
2023-01-26,СПб,Электроника,1399,16092,6,1742
2023-01-28,Екатеринбург,Одежда,1171,15273,7,898
2023-01-31,СПб,Продукты,1641,13464,2,4810
2023-02-01,Москва,Одежда,1457,22522,2,2584
2023-02-02,Москва,Продукты,1536,27423,3,4514
2023-02-05,СПб,Электроника,1575,25767,8,862
2023-02-06,СПб,Продукты,1733,27313,5,1329
2023-02-08,СПб,Электроника,1045,19907,7,3837
2023-02-09,СПб,Продукты,1001,28174,9,744
2023-02-11,Москва,Одежда,1158,27771,1,4815
2023-02-12,Москва,Продукты,1255,28280,1,3800
2023-02-13,Екатеринбург,Одежда,1989,28620,4,2187
2023-02-14,Екатеринбург,Продукты,1628,27595,3,1463
2023-02-16,Екатеринбург,Продукты,1404,24100,1,2817
2023-02-17,Москва,Продукты,1064,12052,8,4904
2023-02-20,СПб,Одежда,1216,26697,5,3388
2023-02-22,Москва,Одежда,1323,16674,2,4193
2023-02-23,Москва,Продукты,1707,13846,1,3810
2023-02-24,Екатеринбург,Продукты,1083,24949,8,4297
2023-02-27,Москва,Продукты,1747,14921,5,4441
2023-03-01,СПб,Электроника,1171,27462,6,737
2023-03-02,Москва,Продукты,1763,12400,3,4466
2023-03-03,Москва,Продукты,1336,24395,8,942
2023-03-04,Москва,Одежда,1165,13730,6,2102
2023-03-05,Екатеринбург,Одежда,1171,27144,6,1057
2023-03-06,Екатеринбург,Одежда,1627,14269,7,2715
2023-03-07,СПб,Электроника,1926,12629,3,1242
2023-03-09,Москва,Электроника,1332,28151,5,2850
2023-03-10,Москва,Продукты,1815,17984,6,3486
2023-03-11,СПб,Электроника,1585,27093,8,3566
2023-03-12,СПб,Одежда,1177,18463,6,4452
2023-03-13,Екатеринбург,Электроника,1841,27213,7,3610
2023-03-15,СПб,Одежда,1889,13789,5,1283
2023-03-17,Екатеринбург,Одежда,1551,19315,1,2953
2023-03-18,Москва,Одежда,1692,24483,8,3424
2023-03-19,Москва,Продукты,1366,29610,9,1876
2023-03-20,СПб,Продукты,1629,26628,3,3289
2023-03-21,СПб,Одежда,1292,14951,8,1871
2023-03-24,Москва,Продукты,1309,22062,2,1310
2023-03-29,Екатеринбург,Электроника,1757,17631,8,1041
2023-04-02,Москва,Электроника,1781,25482,6,3341
2023-04-03,Москва,Одежда,1482,21061,5,1366
2023-04-04,Екатеринбург,Продукты,1267,13072,7,2035
2023-04-05,СПб,Электроника,1105,13395,6,591
2023-04-06,СПб,Одежда,1234,22778,7,2690
2023-04-07,СПб,Электроника,1286,21860,4,2960
2023-04-08,СПб,Электроника,1757,17272,2,1416
2023-04-09,Екатеринбург,Продукты,1108,10387,1,2110
